{
   "nombre": "Específico para adultos mayores (mas de 60 años)", 
   "nombre_alt": "", 
   "tipo": "deporte", 
   "lugares": [
      {
         "nombre": "Papelnonos", 
         "direccion": "hogardedialazosamor", "precio": "gratis",
         "last-update": "2015-07-25"
      }
      , {
         "nombre": "Dominó", 
         "direccion": "hogardedialazosamor", "precio": "gratis",
         "last-update": "2015-07-25"
      } 
      , {
         "nombre": "juegos de cartas", 
         "direccion": "hogardedialazosamor", "precio": "gratis",
         "last-update": "2015-07-25"
      } 
      , {
         "nombre": "Cine Móvil", 
         "direccion": "hogardedialazosamor", "precio": "gratis",
         "last-update": "2015-07-25"
      } 
      , {
         "nombre": "Coreografías (Divas)", 
         "direccion": "hogardedialazosamor", "precio": "gratis",
         "last-update": "2015-07-25"
      } 
      , {
         "nombre": "Escuela de Adultos y Computación", 
         "direccion": "hogardedialazosamor", "precio": "gratis",
         "last-update": "2015-07-25"
      } 
      , {
         "nombre": "Taller de reflexión", 
         "direccion": "hogardedialazosamor", "precio": "gratis",
         "last-update": "2015-07-25"
      } 
      , {
         "nombre": "Manicura y Podología (servicio)", 
         "direccion": "hogardedialazosamor", "precio": "gratis",
         "last-update": "2015-07-25"
      } 
      , {
         "nombre": "Peluquería (servicio)", 
         "direccion": "hogardedialazosamor", "precio": "gratis",
         "last-update": "2015-07-25"
      } 
      , {
         "nombre": "Taller de costura (servicio)", 
         "direccion": "hogardedialazosamor", "precio": "gratis",
         "last-update": "2015-07-25"
      } 
   ]
}