{
   "nombre": "aikido", 
   "nombre_alt": "", 
   "tipo": "deporte", 
   "lugares": [
      {
         "nombre": "Sakanashi Dojo", 
         "precio": "pago", 
         "direccion": "Club San Martín (O'Higgins 46)"
         , "horario" : [
           {"dia": "Lunes, Miércoles y Viernes", "hora": "19:30-20:30", "nota": "adultos" }
           ,{"dia": "Lunes, Miércoles y Viernes", "hora": "20:30-21:30", "nota": "adultos" }
           ,{"dia": "Martes", "hora": "10:30-11:30", "nota": "adultos" }
           ,{"dia": "Martes", "hora": "20:00-21:00", "nota": "adultos" }
           ,{"dia": "Jueves", "hora": "10:30-11:30", "nota": "adultos" }
           ,{"dia": "Sábado", "hora": "15:00-16:00", "nota": "adultos" }
           ,{"dia": "Lunes y Miércoles", "hora": "18:30-19:30", "nota": "Niños" }
            ]
         , "url":["https://www.facebook.com/Sakanashi-dojo-Rio-Grande-369857829614/"]
         , "email": "martinmora66@hotmail.com"
         ,"last-update": "2015-09-25"
      }
      , {
         "nombre": "Sei Dojo", 
         "precio": "pago", 
         "direccion": "Cabo 1° Gomez esquina Chiflet"
         , "horario" : [
           {"dia": "Lunes, Miércoles y Viernes", "hora": "21:00-22:00", "nota": "adultos" }
           ,{"dia": "Lunes y Miércoles", "hora": "19:30-21:00", "nota": "niños y adolescentes" }
            ]
         , "url":[""]
         , "email": "ninotdf@hotmail.com"
         , "telefono": ["15612967"]
         , "nota": " Sensei responsable: Martín E. Mora. Fukushidoin: Juan Manuel Vergara"
         ,"last-update": "2015-09-25"
      }
   ]
}

         

         
         
