{
   "nombre": "ajedrez", 
   "nombre_alt": "", 
   "tipo": "deporte", 
   "lugares": [
      {
         "nombre": "Club de Ajedrez de Río Grande",
         "horario" : [{"dia":"martes y jueves", "hora":"19:00-20:00", "nota":""} ]
         , "direccion": "Maria Auxiliadora 661, Patio Interno"
         , "url":["http://clubdeajedrezderiogrande.blogspot.com.ar/", "https://www.facebook.com/pages/CLUB-DE-AJEDREZ-DE-RIO-GRANDE/203932726310191"]
         , "email": "ajedrezrg@hotmail.com"
         , "telefono": ["15495460", "15529761"]
         , "last-update": "2015-07-25"
      }, 
      {
         "nombre": "Taller de Ajedrez para adultos mayores (mas de 60 Años)", 
         "precio": "gratis", 
         "direccion": "hogardedialazosamor", 
         "last-update": "2015-07-25"
      }
   ]
}