{

   "nombre": "artes plásticas", 
   "nombre_alt": "", 
   "tipo": "arte", 
   "lugares": [
	   {  "nombre": "Dibujo", "last-update": "2015-07-23"}
	   , {  "nombre": "Pintura", "last-update": "2015-07-23"}
	   , {  
	   	"nombre": "Pintura para adultos mayores (mas de 60 Años)"
	   	, "direccion": "hogardedialazosamor"
	   	, "precio": "gratis"
	   	, "last-update": "2015-07-25"
		}
		, {  
	   	"nombre": "Manualidades para adultos mayores (mas de 60 Años)"
	   	, "direccion": "hogardedialazosamor"
	   	, "precio": "gratis"
	   	, "last-update": "2015-07-25"
		}
		, {  
	   	"nombre": "Patchwork para adultos mayores (mas de 60 Años)"
	   	, "direccion": "hogardedialazosamor"
	   	, "precio": "gratis"
	   	, "last-update": "2015-07-25"
		}
	   , {  "nombre": "Cerámica", "last-update": "2015-07-23"}
   ]
}

