{
   "nombre": "Atletismo", 
   "nombre_alt": "", 
   "tipo": "deporte", 
   "lugares": [
      {
         "nombre": "Municipio", 
         "precio": "gratis", 
         "last-update": "2015-07-23"
      }
      , {
         "nombre": "Agrupación Atlética \"Fin del Mundo\" (AAFM)", 
         "nota": "Ushuaia y Río Grande", 
         "last-update": "2015-07-26"
      }
      , {
         "nombre": "Asociación Riograndense Atlética y Deportiva Amigos Veteranos (ARADAV)", 
         "last-update": "2015-07-26"
      }
   ]
}