{
   "nombre": "basket", 
   "nombre_alt": "básquetbol/basquet/basketball", 
   "tipo": "deporte", 
   "lugares": [
      {
         "nombre": "Municipio", 
         "precio": "gratis", 
         "last-update": "2015-07-23"
      }, 
      {
         "nombre": "", 
         "last-update": "2015-07-16", 
         "direccion": "cantera"
      }, 
      {
         "nombre": "Mini Basket", 
         "nota": "Iniciación deportiva", 
         "precio": "gratis", 
         "last-update": "2015-07-23"
      } 
      , {
         "nombre": "Federación de Básquet de Tierra del Fuego", 
         "last-update": "2015-07-26"
      }
   ]
}