{
   "nombre": "Jûdô", 
   "nombre_alt": "judo/yudo", 
   "tipo": "deporte", 
   "lugares": [
      {
         "nombre": "Municipio", 
         "precio": "gratis", 
         "direccion": "centrodeportivo",
         "last-update": "2015-07-23"
      }
      , {
         "nombre": "Municipio", 
         "nota": "Iniciación deportiva", 
         "precio": "gratis", 
         "last-update": "2015-07-23"
      }
      , {
         "nombre": "Federación Provincial de Judo de Tierra del Fuego", 
         "last-update": "2015-07-26"
      }
   ]
}