{
   "nombre": "Karate", 
   "tipo": "deporte", 
   "lugares": [
      {
         "nombre": "Dôjô Gichin Funakoshi",
         "direccion": "centrodeportivo", 
         "precio": "gratis", 
         "horario": [
            {"dia": "lunes, miercoles, viernes","hora": "18:30-19:30", "nota": "menores" },
            {"dia": "lunes, miercoles, viernes","hora": "19:30-20:30", "nota": "menores" },
            {"dia": "lunes, miercoles, viernes","hora": "20:30-21:30", "nota": "mayores" }
         ], 
         "url":["http://www.facebook.com/pages/Karate-Do-Shotokan-RG"],
         "nota": "Estilo shôtôkan. \\nMunicipio", 
         "last-update": "2015-07-23"
      }, 
      {
         "nombre": "Municipio",
         "direccion": "margalot", 
         "precio": "gratis", 
         "horario": [
            {"dia": "martes y jueves","hora": "18:30-19:30", "nota": "menores" },
            {"dia": "martes y jueves","hora": "19:30-20:30", "nota": "menores" },
            {"dia": "martes y jueves","hora": "20:30-21:30", "nota": "mayores" }
         ], 
         "nota": "Estilo shôtôkan", 
         "last-update": "2015-08-05"
      }, 
      {
         "nombre": "Dôjô Cantera",
         "direccion": "cantera", 
         "horario": [
            {"hora": "17:00-19:00", "nota": "mayores", "dia": "martes, jueves"},
            {"hora": "16:30-19:30", "nota": "Clase general", "dia": "sábado"}
         ], 
         "url": ["https://www.facebook.com/pages/Karate-Polideportivo-Cantera/"],
         "nota": "Estilo gôjû-ryû shobukan (okiwanense/tradicional). \\nInscripciones: en dôjô o llamando al 15479229", 
         "last-update": "2015-07-16"
      }
   ]
}