{
   "nombre": "pool", 
   "nombre_alt": "billar", 
   "tipo": "deporte", 
   "lugares": [
      {"nombre": "Yes Pool", "last-update": "2015-07-26"}
      , {
         "nombre": "Player", 
         "direccion": "Perito Moreno 621"
         , "geo":{"lat":-53.78647, "lon": -67.703695} 
         , "streetmap": "https://www.google.com/maps/@-53.78647,-67.703695,3a,75y,217.18h,76.8t/data=!3m6!1e1!3m4!1sP3ALHacKIVktiUTnUj37Jg!2e0!7i13312!8i6656"
         , "last-update": "2015-07-26"
      }
      , {"nombre": "Queen", "last-update": "2015-07-26"}
   ]
}