{
   "nombre": "taekwondo", 
   "nombre_alt": "", 
   "tipo": "deporte", 
   "lugares": [
      {
         "nombre": "Municipio", 
         "precio": "gratis", 
         "last-update": "2015-07-23", 
         "direccion": "centrodeportivo"
      }, 
      {
         "nombre": "Municipio", 
         "nota": "Iniciación deportiva", 
         "last-update": "2015-07-23"
      }, 
      {
         "nombre": "Asociación de Taekwondo (WTF)", 
         "last-update": "2015-07-23"
      }, 
      {
         "nombre": "Asociación Riograndense de Taekwondo (ITF)", 
         "last-update": "2015-07-23"
      }
   ]
}