{
   "nombre": "tenis de mesa", 
   "nombre_alt": "", 
   "tipo": "deporte", 
   "lugares": [
      {
         "nombre": "Municipio", 
         "precio": "gratis", 
         "last-update": "2015-07-23"
      }, 
      {
         "nombre": "Club Los Ñires", 
         "precio": "gratis", 
         "last-update": "2015-07-23", 
         "direccion": "losñires"
      }, 
      {
         "nombre": "Adultos Mayores (mas de 60 años)", 
         "precio": "gratis", 
         "last-update": "2015-07-23"
      }
   ]
}