{
   "nombre": "voley", 
   "nombre_alt": "volley/volleyball/voleibol", 
   "tipo": "deporte", 
   "lugares": [
      {
         "nombre": "Municipio", 
         "precio": "gratis", 
         "last-update": "2015-07-23"
      }, 
      {
         "nombre": "Mini voley", 
         "nota": "Iniciación deportiva", 
         "precio": "gratis", 
         "last-update": "2015-07-23"
      }
      , {
         "nombre": "Federación Fueguina de Voley", 
         "last-update": "2015-07-26"
      }
      , {
         "nombre": "Beach voley"
         , "nota": "Adaptado al clima de la isla. \\nSecretaría de deportes", 
         "last-update": "2015-08-05"
      }
   ]
}